10сек	Напряжение, В
1	8,06
2	8,06
3	8,06
4	8,06
5	8,05
6	8,04
7	8,04
8	8,04
9	8,04
10	8,04
11	8,04
12	8,03
13	8,03
14	8,03
15	8,03
16	8,03
17	8,03
18	8,03
19	8,03
20	8,03
21	8,02
22	8,02
23	8,02
24	8,02
25	8,02
26	8,02
27	8,02
28	8,02
29	8,02
30	8,02
31	8,02
32	8,00
33	8,00
34	8,00
35	8,00
36	8,00
37	8,00
38	8,00
39	8,00
40	8,00
41	8,00
42	7,99
43	7,99
44	7,99
45	7,99
46	7,99
47	7,99
48	7,99
49	7,99
50	7,99
51	7,99
52	7,98
53	7,97
54	7,97
55	7,97
56	7,97
57	7,97
58	7,97
59	7,97
60	7,97
61	7,97
62	7,97
63	7,97
64	7,97
65	7,96
66	7,96
67	7,96
68	7,96
69	7,96
70	7,96
71	7,96
72	7,96
73	7,96
74	7,96
75	7,96
76	7,96
77	7,96
78	7,95
79	7,94
80	7,94
81	7,94
82	7,94
83	7,94
84	7,94
85	7,94
86	7,94
87	7,94
88	7,94
89	7,94
90	7,94
91	7,94
92	7,93
93	7,93
94	7,93
95	7,93
96	7,93
97	7,93
98	7,93
99	7,93
100	7,93
101	7,93
102	7,93
103	7,92
104	7,92
105	7,91
106	7,91
107	7,91
108	7,91
109	7,91
110	7,91
111	7,91
112	7,91
113	7,91
114	7,91
115	7,91
116	7,90
117	7,90
118	7,90
119	7,91
120	7,90
121	7,90
122	7,90
123	7,90
124	7,90
125	7,90
126	7,90
127	7,90
128	7,90
129	7,90
130	7,90
131	7,89
132	7,90
133	7,89
134	7,89
135	7,88
136	7,88
137	7,88
138	7,88
139	7,88
140	7,88
141	7,88
142	7,88
143	7,88
144	7,88
145	7,88
146	7,87
147	7,87
148	7,87
149	7,87
150	7,87
151	7,87
152	7,87
153	7,87
154	7,87
155	7,87
156	7,87
157	7,87
158	7,87
159	7,87
160	7,87
161	7,86
162	7,85
163	7,85
164	7,85
165	7,85
166	7,85
167	7,85
168	7,85
169	7,85
170	7,85
171	7,85
172	7,85
173	7,85
174	7,85
175	7,85
176	7,85
177	7,85
178	7,85
179	7,85
180	7,85
181	7,84
182	7,84
183	7,84
184	7,84
185	7,84
186	7,84
187	7,84
188	7,84
189	7,84
190	7,84
191	7,84
192	7,84
193	7,84
194	7,83
195	7,82
196	7,82
197	7,82
198	7,83
199	7,83
200	7,82
201	7,82
202	7,82
203	7,82
204	7,82
205	7,82
206	7,82
207	7,82
208	7,82
209	7,82
210	7,82
211	7,82
212	7,82
213	7,82
214	7,82
215	7,81
216	7,81
217	7,81
218	7,81
219	7,81
220	7,81
221	7,81
222	7,81
223	7,81
224	7,81
225	7,80
226	7,81
227	7,80
228	7,80
229	7,80
230	7,81
231	7,81
232	7,80
233	7,80
234	7,80
235	7,80
236	7,80
237	7,80
238	7,80
239	7,80
240	7,80
241	7,80
242	7,80
243	7,80
244	7,80
245	7,80
246	7,78
247	7,78
248	7,78
249	7,78
250	7,78
251	7,78
252	7,78
253	7,78
254	7,78
255	7,78
256	7,78
257	7,78
258	7,78
259	7,78
260	7,78
261	7,78
262	7,78
263	7,78
264	7,78
265	7,77
266	7,77
267	7,77
268	7,77
269	7,77
270	7,77
271	7,77
272	7,77
273	7,77
274	7,77
275	7,77
276	7,77
277	7,77
278	7,77
279	7,77
280	7,77
281	7,77
282	7,76
283	7,75
284	7,75
285	7,75
286	7,75
287	7,75
288	7,75
289	7,75
290	7,75
291	7,75
292	7,75
293	7,75
294	7,75
295	7,75
296	7,75
297	7,75
298	7,74
299	7,74
300	7,74
301	7,74
302	7,75
303	7,74
304	7,74
305	7,74
306	7,74
307	7,74
308	7,74
309	7,74
310	7,74
311	7,74
312	7,74
313	7,74
314	7,74
315	7,74
316	7,74
317	7,74
318	7,73
319	7,73
320	7,73
321	7,73
322	7,72
323	7,72
324	7,72
325	7,72
326	7,72
327	7,72
328	7,72
329	7,72
330	7,72
331	7,72
332	7,72
333	7,72
334	7,72
335	7,71
336	7,71
337	7,72
338	7,72
339	7,72
340	7,72
341	7,71
342	7,71
343	7,71
344	7,71
345	7,71
346	7,71
347	7,71
348	7,71
349	7,71
350	7,71
351	7,71
352	7,70
353	7,70
354	7,70
355	7,70
356	7,69
357	7,70
358	7,69
359	7,70
360	7,70
361	7,69
362	7,69
363	7,69
364	7,69
365	7,69
366	7,69
367	7,69
368	7,69
369	7,69
370	7,69
371	7,69
372	7,68
373	7,68
374	7,68
375	7,68
376	7,68
377	7,68
378	7,68
379	7,68
380	7,68
381	7,68
382	7,68
383	7,68
384	7,68
385	7,68
386	7,68
387	7,68
388	7,67
389	7,67
390	7,68
391	7,68
392	7,67
393	7,68
394	7,67
395	7,67
396	7,66
397	7,66
398	7,66
399	7,66
400	7,66
401	7,66
402	7,66
403	7,66
404	7,66
405	7,66
406	7,66
407	7,66
408	7,66
409	7,65
410	7,65
411	7,65
412	7,65
413	7,65
414	7,65
415	7,65
416	7,65
417	7,65
418	7,65
419	7,65
420	7,65
421	7,65
422	7,65
423	7,65
424	7,65
425	7,65
426	7,65
427	7,64
428	7,64
429	7,63
430	7,63
431	7,63
432	7,63
433	7,63
434	7,63
435	7,63
436	7,63
437	7,63
438	7,63
439	7,63
440	7,63
441	7,63
442	7,63
443	7,63
444	7,63
445	7,63
446	7,62
447	7,62
448	7,62
449	7,63
450	7,63
451	7,63
452	7,62
453	7,62
454	7,62
455	7,62
456	7,62
457	7,62
458	7,62
459	7,62
460	7,62
461	7,62
462	7,62
463	7,62
464	7,61
465	7,61
466	7,60
467	7,60
468	7,60
469	7,60
470	7,60
471	7,60
472	7,60
473	7,60
474	7,60
475	7,60
476	7,60
477	7,60
478	7,60
479	7,60
480	7,60
481	7,60
482	7,60
483	7,60
484	7,59
485	7,59
486	7,60
487	7,60
488	7,60
489	7,60
490	7,59
491	7,59
492	7,59
493	7,59
494	7,59
495	7,59
496	7,59
497	7,59
498	7,59
499	7,59
500	7,59
501	7,59
502	7,58
503	7,58
504	7,58
505	7,58
506	7,58
507	7,58
508	7,58
509	7,58
510	7,58
511	7,58
512	7,58
513	7,58
514	7,58
515	7,58
516	7,58
517	7,58
518	7,57
519	7,58
520	7,58
521	7,56
522	7,56
523	7,56
524	7,56
525	7,56
526	7,56
527	7,56
528	7,56
529	7,56
530	7,56
531	7,56
532	7,56
533	7,56
534	7,56
535	7,56
536	7,56
537	7,56
538	7,56
539	7,56
540	7,56
541	7,56
542	7,56
543	7,55
544	7,55
545	7,55
546	7,55
547	7,55
548	7,55
549	7,55
550	7,55
551	7,55
552	7,55
553	7,55
554	7,55
555	7,55
556	7,55
557	7,55
558	7,54
559	7,54
560	7,53
561	7,55
562	7,55
563	7,54
564	7,54
565	7,53
566	7,53
567	7,53
568	7,53
569	7,53
570	7,53
571	7,53
572	7,53
573	7,53
574	7,53
575	7,53
576	7,53
577	7,53
578	7,52
579	7,52
580	7,52
581	7,52
582	7,52
583	7,52
584	7,52
585	7,52
586	7,52
587	7,52
588	7,52
589	7,52
590	7,52
591	7,52
592	7,52
593	7,52
594	7,52
595	7,52
596	7,52
597	7,52
598	7,52
599	7,52
600	7,52
601	7,51
602	7,50
603	7,50
604	7,50
605	7,50
606	7,50
607	7,50
608	7,50
609	7,50
610	7,50
611	7,50
612	7,50
613	7,50
614	7,50
615	7,50
616	7,50
617	7,50
618	7,50
619	7,50
620	7,50
621	7,49
622	7,49
623	7,49
624	7,49
625	7,49
626	7,49
627	7,49
628	7,49
629	7,49
630	7,49
631	7,49
632	7,49
633	7,49
634	7,49
635	7,49
636	7,48
637	7,49
638	7,49
639	7,48
640	7,48
641	7,48
642	7,47
643	7,47
644	7,47
645	7,47
646	7,47
647	7,47
648	7,47
649	7,47
650	7,47
651	7,47
652	7,47
653	7,47
654	7,47
655	7,47
656	7,47
657	7,47
658	7,47
659	7,47
660	7,46
661	7,46
662	7,46
663	7,46
664	7,46
665	7,46
666	7,46
667	7,46
668	7,46
669	7,46
670	7,46
671	7,46
672	7,46
673	7,46
674	7,46
675	7,46
676	7,46
677	7,46
678	7,46
679	7,46
680	7,46
681	7,46
682	7,44
683	7,44
684	7,44
685	7,44
686	7,44
687	7,44
688	7,44
689	7,44
690	7,44
691	7,44
692	7,44
693	7,44
694	7,44
695	7,44
696	7,44
697	7,44
698	7,43
699	7,44
700	7,43
701	7,44
702	7,44
703	7,43
704	7,43
705	7,43
706	7,43
707	7,43
708	7,43
709	7,43
710	7,43
711	7,43
712	7,43
713	7,43
714	7,43
715	7,43
716	7,43
717	7,43
718	7,42
719	7,41
720	7,41
721	7,41
722	7,41
723	7,42
724	7,42
725	7,41
726	7,41
727	7,41
728	7,41
729	7,41
730	7,41
731	7,41
732	7,41
733	7,41
734	7,41
735	7,41
736	7,41
737	7,41
738	7,41
739	7,41
740	7,40
741	7,40
742	7,40
743	7,41
744	7,40
745	7,40
746	7,40
747	7,40
748	7,40
749	7,40
750	7,40
751	7,40
752	7,40
753	7,40
754	7,40
755	7,40
756	7,40
757	7,40
758	7,40
759	7,40
760	7,40
761	7,40
762	7,40
763	7,39
764	7,39
765	7,39
766	7,39
767	7,39
768	7,39
769	7,39
770	7,39
771	7,39
772	7,39
773	7,39
774	7,39
775	7,39
776	7,39
777	7,39
778	7,39
779	7,39
780	7,38
781	7,39
782	7,39
783	7,39
784	7,39
785	7,39
786	7,38
787	7,38
788	7,37
789	7,37
790	7,37
791	7,37
792	7,37
793	7,37
794	7,37
795	7,37
796	7,37
797	7,37
798	7,37
799	7,37
800	7,37
801	7,37
802	7,36
803	7,37
804	7,37
805	7,37
806	7,37
807	7,36
808	7,36
809	7,36
810	7,36
811	7,36
812	7,36
813	7,36
814	7,36
815	7,36
816	7,36
817	7,36
818	7,36
819	7,36
820	7,36
821	7,36
822	7,36
823	7,36
824	7,36
825	7,36
826	7,36
827	7,34
828	7,34
829	7,34
830	7,34
831	7,34
832	7,34
833	7,34
834	7,34
835	7,34
836	7,34
837	7,34
838	7,34
839	7,34
840	7,34
841	7,34
842	7,34
843	7,34
844	7,34
845	7,34
846	7,34
847	7,34
848	7,34
849	7,33
850	7,33
851	7,33
852	7,33
853	7,33
854	7,33
855	7,33
856	7,33
857	7,33
858	7,33
859	7,33
860	7,33
861	7,33
862	7,33
863	7,33
864	7,33
865	7,33
866	7,33
867	7,33
868	7,33
869	7,33
870	7,33
871	7,32
872	7,31
873	7,31
874	7,31
875	7,31
876	7,31
877	7,31
878	7,31
879	7,31
880	7,31
881	7,31
882	7,31
883	7,31
884	7,31
885	7,31
886	7,31
887	7,31
888	7,31
889	7,31
890	7,31
891	7,30
892	7,30
893	7,31
894	7,31
895	7,31
896	7,30
897	7,30
898	7,30
899	7,30
900	7,30
901	7,30
902	7,30
903	7,30
904	7,30
905	7,30
906	7,30
907	7,30
908	7,30
909	7,30
910	7,30
911	7,30
912	7,29
913	7,29
914	7,29
915	7,28
916	7,28
917	7,29
918	7,29
919	7,29
920	7,28
921	7,28
922	7,28
923	7,28
924	7,28
925	7,28
926	7,28
927	7,28
928	7,28
929	7,28
930	7,28
931	7,28
932	7,28
933	7,28
934	7,28
935	7,28
936	7,28
937	7,27
938	7,27
939	7,27
940	7,27
941	7,27
942	7,27
943	7,27
944	7,27
945	7,27
946	7,27
947	7,27
948	7,27
949	7,27
950	7,27
951	7,27
952	7,27
953	7,27
954	7,27
955	7,27
956	7,26
957	7,27
958	7,27
959	7,27
960	7,27
961	7,25
962	7,25
963	7,25
964	7,25
965	7,25
966	7,25
967	7,25
968	7,25
969	7,25
970	7,25
971	7,25
972	7,25
973	7,25
974	7,25
975	7,25
976	7,25
977	7,25
978	7,25
979	7,25
980	7,25
981	7,24
982	7,25
983	7,25
984	7,25
985	7,24
986	7,25
987	7,24
988	7,25
989	7,24
990	7,24
991	7,24
992	7,24
993	7,24
994	7,24
995	7,24
996	7,24
997	7,24
998	7,24
999	7,24
1000	7,24
1001	7,24
1002	7,24
1003	7,23
1004	7,23
1005	7,22
1006	7,22
1007	7,22
1008	7,23
1009	7,22
1010	7,22
1011	7,22
1012	7,22
1013	7,22
1014	7,22
1015	7,22
1016	7,22
1017	7,22
1018	7,22
1019	7,22
1020	7,22
1021	7,22
1022	7,22
1023	7,22
1024	7,21
1025	7,22
1026	7,21
1027	7,21
1028	7,22
1029	7,22
1030	7,22
1031	7,21
1032	7,21
1033	7,21
1034	7,21
1035	7,21
1036	7,21
1037	7,21
1038	7,21
1039	7,21
1040	7,21
1041	7,21
1042	7,21
1043	7,21
1044	7,21
1045	7,21
1046	7,21
1047	7,21
1048	7,21
1049	7,21
1050	7,21
1051	7,21
1052	7,21
1053	7,20
1054	7,19
1055	7,19
1056	7,19
1057	7,19
1058	7,19
1059	7,19
1060	7,19
1061	7,19
1062	7,19
1063	7,19
1064	7,19
1065	7,19
1066	7,19
1067	7,19
1068	7,19
1069	7,19
1070	7,18
1071	7,19
1072	7,19
1073	7,19
1074	7,19
1075	7,18
1076	7,18
1077	7,18
1078	7,18
1079	7,18
1080	7,18
1081	7,18
1082	7,18
1083	7,18
1084	7,18
1085	7,18
1086	7,18
1087	7,18
1088	7,18
1089	7,18
1090	7,18
1091	7,17
1092	7,17
1093	7,18
1094	7,18
1095	7,18
1096	7,17
1097	7,17
1098	7,17
1099	7,17
1100	7,17
1101	7,17
1102	7,17
1103	7,17
1104	7,17
1105	7,17
1106	7,17
1107	7,17
1108	7,17
1109	7,17
1110	7,17
1111	7,17
1112	7,16
1113	7,16
1114	7,15
1115	7,16
1116	7,17
1117	7,17
1118	7,16
1119	7,15
1120	7,15
1121	7,15
1122	7,15
1123	7,15
1124	7,15
1125	7,15
1126	7,15
1127	7,15
1128	7,15
1129	7,15
1130	7,15
1131	7,15
1132	7,15
1133	7,15
1134	7,15
1135	7,15
1136	7,15
1137	7,15
1138	7,14
1139	7,14
1140	7,14
1141	7,14
1142	7,14
1143	7,14
1144	7,14
1145	7,14
1146	7,14
1147	7,14
1148	7,14
1149	7,14
1150	7,14
1151	7,14
1152	7,14
1153	7,14
1154	7,14
1155	7,14
1156	7,14
1157	7,13
1158	7,14
1159	7,13
1160	7,13
1161	7,14
1162	7,14
1163	7,14
1164	7,13
1165	7,13
1166	7,13
1167	7,12
1168	7,12
1169	7,12
1170	7,12
1171	7,12
1172	7,12
1173	7,12
1174	7,12
1175	7,12
1176	7,12
1177	7,12
1178	7,12
1179	7,12
1180	7,11
1181	7,12
1182	7,12
1183	7,12
1184	7,12
1185	7,11
1186	7,11
1187	7,11
1188	7,11
1189	7,11
1190	7,11
1191	7,11
1192	7,11
1193	7,11
1194	7,11
1195	7,11
1196	7,11
1197	7,11
1198	7,11
1199	7,11
1200	7,11
1201	7,11
1202	7,11
1203	7,11
1204	7,11
1205	7,11
1206	7,11
1207	7,11
1208	7,11
1209	7,09
1210	7,09
1211	7,09
1212	7,09
1213	7,10
1214	7,09
1215	7,09
1216	7,09
1217	7,09
1218	7,09
1219	7,09
1220	7,09
1221	7,09
1222	7,09
1223	7,09
1224	7,09
1225	7,09
1226	7,09
1227	7,09
1228	7,09
1229	7,09
1230	7,09
1231	7,09
1232	7,09
1233	7,08
1234	7,08
1235	7,08
1236	7,08
1237	7,08
1238	7,08
1239	7,08
1240	7,08
1241	7,08
1242	7,08
1243	7,08
1244	7,08
1245	7,08
1246	7,08
1247	7,08
1248	7,08
1249	7,08
1250	7,08
1251	7,08
1252	7,08
1253	7,08
1254	7,08
1255	7,08
1256	7,06
1257	7,06
1258	7,06
1259	7,06
1260	7,06
1261	7,06
1262	7,07
1263	7,06
1264	7,06
1265	7,06
1266	7,06
1267	7,06
1268	7,06
1269	7,06
1270	7,06
1271	7,06
1272	7,06
1273	7,06
1274	7,06
1275	7,06
1276	7,06
1277	7,06
1278	7,06
1279	7,06
1280	7,06
1281	7,05
1282	7,05
1283	7,05
1284	7,05
1285	7,05
1286	7,06
1287	7,05
1288	7,05
1289	7,05
1290	7,05
1291	7,05
1292	7,05
1293	7,05
1294	7,05
1295	7,05
1296	7,05
1297	7,05
1298	7,05
1299	7,05
1300	7,05
1301	7,05
1302	7,05
1303	7,05
1304	7,04
1305	7,03
1306	7,04
1307	7,03
1308	7,05
1309	7,05
1310	7,04
1311	7,04
1312	7,03
1313	7,03
1314	7,03
1315	7,03
1316	7,03
1317	7,03
1318	7,03
1319	7,03
1320	7,03
1321	7,03
1322	7,03
1323	7,03
1324	7,03
1325	7,03
1326	7,03
1327	7,03
1328	7,03
1329	7,03
1330	7,03
1331	7,03
1332	7,03
1333	7,03
1334	7,03
1335	7,03
1336	7,03
1337	7,02
1338	7,02
1339	7,02
1340	7,02
1341	7,02
1342	7,02
1343	7,02
1344	7,02
1345	7,02
1346	7,02
1347	7,02
1348	7,02
1349	7,02
1350	7,02
1351	7,02
1352	7,02
1353	7,02
1354	7,02
1355	7,02
1356	7,02
1357	7,02
1358	7,02
1359	7,01
1360	7,02
1361	7,02
1362	7,02
1363	7,01
1364	7,02
1365	7,01
1366	7,00
1367	7,00
1368	7,00
1369	7,00
1370	7,00
1371	7,00
1372	7,00
1373	7,00
1374	7,00
1375	7,00
1376	7,00
1377	7,00
1378	7,00
1379	7,00
1380	7,00
1381	7,00
1382	7,00
1383	7,00
1384	7,00
1385	7,00
1386	7,00
1387	7,00
1388	7,00
1389	7,00
1390	7,00
1391	6,99
1392	6,99
1393	6,99
1394	6,99
1395	6,99
1396	7,00
1397	7,00
1398	7,00
1399	6,99
1400	6,99
1401	6,99
1402	6,99
1403	6,99
1404	6,99
1405	6,99
1406	6,99
1407	6,99
1408	6,99
1409	6,99
1410	6,99
1411	6,99
1412	6,99
1413	6,99
1414	6,99
1415	6,99
1416	6,99
1417	6,99
1418	6,99
1419	6,99
1420	6,98
1421	6,99
1422	6,99
1423	6,99
1424	6,99
1425	6,97
1426	6,99
1427	6,98
1428	6,97
1429	6,97
1430	6,97
1431	6,97
1432	6,97
1433	6,97
1434	6,97
1435	6,97
1436	6,97
1437	6,97
1438	6,97
1439	6,97
1440	6,97
1441	6,97
1442	6,97
1443	6,97
1444	6,97
1445	6,97
1446	6,97
1447	6,97
1448	6,97
1449	6,97
1450	6,97
1451	6,97
1452	6,97
1453	6,97
1454	6,97
1455	6,97
1456	6,97
1457	6,96
1458	6,96
1459	6,96
1460	6,96
1461	6,96
1462	6,96
1463	6,96
1464	6,96
1465	6,96
1466	6,96
1467	6,96
1468	6,96
1469	6,96
1470	6,96
1471	6,96
1472	6,96
1473	6,96
1474	6,96
1475	6,96
1476	6,96
1477	6,96
1478	6,96
1479	6,96
1480	6,96
1481	6,96
1482	6,96
1483	6,96
1484	6,96
1485	6,96
1486	6,96
1487	6,96
1488	6,96
1489	6,96
1490	6,96
1491	6,96
1492	6,96
1493	6,96
1494	6,96
1495	6,95
1496	6,95
1497	6,95
1498	6,95
1499	6,95
1500	6,95
1501	6,95
1502	6,95
1503	6,95
1504	6,95
1505	6,95
1506	6,95
1507	6,95
1508	6,95
1509	6,95
1510	6,95
1511	6,95
1512	6,95
1513	6,95
1514	6,95
1515	6,95
1516	6,95
1517	6,95
1518	6,95
1519	6,95
1520	6,95
1521	6,95
1522	6,95
1523	6,95
1524	6,94
1525	6,95
1526	6,95
1527	6,94
1528	6,94
1529	6,93
1530	6,95
1531	6,95
1532	6,95
1533	6,94
1534	6,95
1535	6,94
1536	6,94
1537	6,93
1538	6,93
1539	6,93
1540	6,93
1541	6,93
1542	6,93
1543	6,93
1544	6,93
1545	6,93
1546	6,93
1547	6,93
1548	6,93
1549	6,93
1550	6,93
1551	6,93
1552	6,93
1553	6,93
1554	6,93
1555	6,93
1556	6,93
1557	6,93
1558	6,93
1559	6,93
1560	6,93
1561	6,93
1562	6,93
1563	6,93
1564	6,93
1565	6,93
1566	6,93
1567	6,93
1568	6,93
1569	6,93
1570	6,93
1571	6,93
1572	6,92
1573	6,92
1574	6,92
1575	6,92
1576	6,92
1577	6,92
1578	6,93
1579	6,93
1580	6,93
1581	6,92
1582	6,92
1583	6,92
1584	6,92
1585	6,92
1586	6,92
1587	6,92
1588	6,92
1589	6,92
1590	6,92
1591	6,92
1592	6,92
1593	6,92
1594	6,92
1595	6,92
1596	6,92
1597	6,92
1598	6,92
1599	6,92
1600	6,92
1601	6,92
1602	6,92
1603	6,92
1604	6,92
1605	6,92
1606	6,92
1607	6,92
1608	6,92
1609	6,92
1610	6,92
1611	6,92
1612	6,92
1613	6,92
1614	6,92
1615	6,92
1616	6,92
1617	6,92
1618	6,91
1619	6,91
1620	6,90
1621	6,92
1622	6,92
1623	6,92
1624	6,92
1625	6,91
1626	6,92
1627	6,92
1628	6,90
1629	6,90
1630	6,90
1631	6,90
1632	6,90
1633	6,90
1634	6,90
1635	6,90
1636	6,90
1637	6,90
1638	6,90
1639	6,90
1640	6,90
1641	6,90
1642	6,90
1643	6,90
1644	6,90
1645	6,90
1646	6,90
1647	6,90
1648	6,90
1649	6,90
1650	6,90
1651	6,90
1652	6,90
1653	6,90
1654	6,90
1655	6,90
1656	6,90
1657	6,90
1658	6,90
1659	6,90
1660	6,90
1661	6,90
1662	6,90
1663	6,90
1664	6,90
1665	6,90
1666	6,90
1667	6,90
1668	6,90
1669	6,89
1670	6,89
1671	6,90
1672	6,90
1673	6,90
1674	6,90
1675	6,90
1676	6,89
1677	6,90
1678	6,89
1679	6,90
1680	6,90
1681	6,89
1682	6,89
1683	6,89
1684	6,89
1685	6,89
1686	6,89
1687	6,89
1688	6,89
1689	6,89
1690	6,89
1691	6,89
1692	6,89
1693	6,89
1694	6,89
1695	6,89
1696	6,89
1697	6,89
1698	6,89
1699	6,89
1700	6,89
1701	6,89
1702	6,89
1703	6,89
1704	6,89
1705	6,89
1706	6,89
1707	6,89
1708	6,89
1709	6,89
1710	6,89
1711	6,89
1712	6,89
1713	6,89
1714	6,89
1715	6,89
1716	6,88
1717	6,89
1718	6,88
1719	6,88
1720	6,88
1721	6,88
1722	6,88
1723	6,88
1724	6,89
1725	6,89
1726	6,89
1727	6,89
1728	6,89
1729	6,88
1730	6,87
1731	6,87
1732	6,87
1733	6,88
1734	6,88
1735	6,88
1736	6,87
1737	6,87
1738	6,87
1739	6,87
1740	6,87
1741	6,87
1742	6,87
1743	6,87
1744	6,87
1745	6,87
1746	6,87
1747	6,87
1748	6,87
1749	6,87
1750	6,87
1751	6,87
1752	6,87
1753	6,87
1754	6,87
1755	6,87
1756	6,87
1757	6,87
1758	6,87
1759	6,87
1760	6,87
1761	6,87
1762	6,87
1763	6,87
1764	6,87
1765	6,87
1766	6,87
1767	6,87
1768	6,87
1769	6,87
1770	6,87
1771	6,87
1772	6,87
1773	6,87
1774	6,87
1775	6,87
1776	6,87
1777	6,87
1778	6,86
1779	6,87
1780	6,87
1781	6,87
1782	6,86
1783	6,87
1784	6,87
1785	6,87
1786	6,87
1787	6,87
1788	6,87
1789	6,86
1790	6,86
1791	6,86
1792	6,86
1793	6,86
1794	6,86
1795	6,86
1796	6,86
1797	6,86
1798	6,86
1799	6,86
1800	6,86
1801	6,86
1802	6,86
1803	6,86
1804	6,86
1805	6,86
1806	6,86
1807	6,86
1808	6,86
1809	6,86
1810	6,86
1811	6,86
1812	6,86
1813	6,86
1814	6,86
1815	6,86
1816	6,86
1817	6,86
1818	6,86
1819	6,86
1820	6,86
1821	6,86
1822	6,86
1823	6,86
1824	6,86
1825	6,86
1826	6,86
1827	6,86
1828	6,86
1829	6,86
1830	6,86
1831	6,86
1832	6,86
1833	6,86
1834	6,85
1835	6,86
1836	6,85
1837	6,85
1838	6,86
1839	6,86
1840	6,86
1841	6,86
1842	6,86
1843	6,85
1844	6,84
1845	6,84
1846	6,84
1847	6,84
1848	6,84
1849	6,84
1850	6,84
1851	6,86
1852	6,86
1853	6,86
1854	6,85
1855	6,85
1856	6,84
1857	6,84
1858	6,84
1859	6,84
1860	6,84
1861	6,84
1862	6,84
1863	6,84
1864	6,84
1865	6,84
1866	6,84
1867	6,84
1868	6,84
1869	6,84
1870	6,84
1871	6,84
1872	6,84
1873	6,84
1874	6,84
1875	6,84
1876	6,84
1877	6,84
1878	6,84
1879	6,84
1880	6,84
1881	6,84
1882	6,84
1883	6,84
1884	6,84
1885	6,84
1886	6,84
1887	6,84
1888	6,84
1889	6,84
1890	6,84
1891	6,84
1892	6,84
1893	6,84
1894	6,84
1895	6,84
1896	6,84
1897	6,84
1898	6,84
1899	6,84
1900	6,84
1901	6,84
1902	6,84
1903	6,84
1904	6,84
1905	6,84
1906	6,84
1907	6,84
1908	6,84
1909	6,84
1910	6,84
1911	6,84
1912	6,84
1913	6,83
1914	6,83
1915	6,83
1916	6,83
1917	6,83
1918	6,84
1919	6,84
1920	6,84
1921	6,84
1922	6,84
1923	6,83
1924	6,83
1925	6,83
1926	6,83
1927	6,83
1928	6,83
1929	6,83
1930	6,83
1931	6,83
1932	6,83
1933	6,83
1934	6,83
1935	6,83
1936	6,83
1937	6,83
1938	6,83
1939	6,83
1940	6,83
1941	6,83
1942	6,83
1943	6,83
1944	6,83
1945	6,83
1946	6,83
1947	6,83
1948	6,83
1949	6,83
1950	6,83
1951	6,83
1952	6,83
1953	6,83
1954	6,83
1955	6,83
1956	6,83
1957	6,83
1958	6,83
1959	6,83
1960	6,83
1961	6,83
1962	6,83
1963	6,83
1964	6,83
1965	6,83
1966	6,83
1967	6,83
1968	6,83
1969	6,82
1970	6,83
1971	6,83
1972	6,83
1973	6,83
1974	6,83
1975	6,83
1976	6,83
1977	6,83
1978	6,82
1979	6,82
1980	6,81
1981	6,81
1982	6,83
1983	6,83
1984	6,82
1985	6,83
1986	6,82
1987	6,83
1988	6,82
1989	6,81
1990	6,81
1991	6,81
1992	6,81
1993	6,81
1994	6,81
1995	6,82
1996	6,81
1997	6,82
1998	6,81
1999	6,81
2000	6,81
2001	6,81
2002	6,81
2003	6,81
2004	6,81
2005	6,81
2006	6,81
2007	6,81
2008	6,81
2009	6,81
2010	6,81
2011	6,81
2012	6,81
2013	6,81
2014	6,81
2015	6,81
2016	6,81
2017	6,81
2018	6,81
2019	6,81
2020	6,81
2021	6,81
2022	6,81
2023	6,81
2024	6,81
2025	6,81
2026	6,81
2027	6,81
2028	6,81
2029	6,81
2030	6,81
2031	6,81
2032	6,81
2033	6,81
2034	6,81
2035	6,81
2036	6,81
2037	6,81
2038	6,81
2039	6,81
2040	6,81
2041	6,81
2042	6,81
2043	6,81
2044	6,81
2045	6,81
2046	6,80
2047	6,80
2048	6,80
2049	6,80
2050	6,80
2051	6,81
2052	6,81
2053	6,81
2054	6,81
2055	6,81
2056	6,80
2057	6,80
2058	6,80
2059	6,80
2060	6,80
2061	6,81
2062	6,80
2063	6,80
2064	6,80
2065	6,80
2066	6,80
2067	6,80
2068	6,80
2069	6,80
2070	6,80
2071	6,80
2072	6,80
2073	6,80
2074	6,80
2075	6,80
2076	6,80
2077	6,80
2078	6,80
2079	6,80
2080	6,80
2081	6,80
2082	6,80
2083	6,80
2084	6,80
2085	6,80
2086	6,80
2087	6,80
2088	6,80
2089	6,80
2090	6,80
2091	6,80
2092	6,80
2093	6,80
2094	6,80
2095	6,80
2096	6,80
2097	6,80
2098	6,80
2099	6,80
2100	6,80
2101	6,80
2102	6,80
2103	6,80
2104	6,80
2105	6,80
2106	6,80
2107	6,80
2108	6,80
2109	6,80
2110	6,80
2111	6,80
2112	6,80
2113	6,80
2114	6,79
2115	6,79
2116	6,80
2117	6,80
2118	6,80
2119	6,80
2120	6,78
2121	6,78
2122	6,79
2123	6,78
2124	6,80
2125	6,79
2126	6,80
2127	6,80
2128	6,80
2129	6,79
2130	6,79
2131	6,78
2132	6,78
2133	6,78
2134	6,78
2135	6,78
2136	6,78
2137	6,79
2138	6,78
2139	6,78
2140	6,78
2141	6,78
2142	6,78
2143	6,78
2144	6,78
2145	6,78
2146	6,78
2147	6,78
2148	6,78
2149	6,78
2150	6,78
2151	6,78
2152	6,78
2153	6,78
2154	6,78
2155	6,78
2156	6,78
2157	6,78
2158	6,78
2159	6,78
2160	6,78
2161	6,78
2162	6,78
2163	6,78
2164	6,78
2165	6,78
2166	6,78
2167	6,78
2168	6,78
2169	6,78
2170	6,78
2171	6,78
2172	6,78
2173	6,78
2174	6,78
2175	6,78
2176	6,78
2177	6,78
2178	6,78
2179	6,78
2180	6,78
2181	6,78
2182	6,78
2183	6,78
2184	6,78
2185	6,78
2186	6,78
2187	6,78
2188	6,78
2189	6,77
2190	6,78
2191	6,77
2192	6,78
2193	6,78
2194	6,78
2195	6,78
2196	6,77
2197	6,77
2198	6,77
2199	6,77
2200	6,77
2201	6,78
2202	6,78
2203	6,78
2204	6,77
2205	6,77
2206	6,77
2207	6,78
2208	6,77
2209	6,77
2210	6,77
2211	6,77
2212	6,77
2213	6,77
2214	6,77
2215	6,77
2216	6,77
2217	6,77
2218	6,77
2219	6,77
2220	6,77
2221	6,77
2222	6,77
2223	6,77
2224	6,77
2225	6,77
2226	6,77
2227	6,77
2228	6,77
2229	6,77
2230	6,77
2231	6,77
2232	6,77
2233	6,77
2234	6,77
2235	6,77
2236	6,77
2237	6,77
2238	6,77
2239	6,77
2240	6,77
2241	6,77
2242	6,77
2243	6,77
2244	6,77
2245	6,77
2246	6,77
2247	6,77
2248	6,77
2249	6,77
2250	6,77
2251	6,77
2252	6,77
2253	6,77
2254	6,77
2255	6,77
2256	6,76
2257	6,75
2258	6,75
2259	6,77
2260	6,77
2261	6,77
2262	6,77
2263	6,77
2264	6,76
2265	6,77
2266	6,77
2267	6,77
2268	6,75
2269	6,75
2270	6,75
2271	6,75
2272	6,75
2273	6,75
2274	6,75
2275	6,75
2276	6,75
2277	6,75
2278	6,75
2279	6,75
2280	6,75
2281	6,75
2282	6,75
2283	6,75
2284	6,75
2285	6,75
2286	6,75
2287	6,75
2288	6,75
2289	6,75
2290	6,75
2291	6,75
2292	6,75
2293	6,75
2294	6,75
2295	6,75
2296	6,75
2297	6,75
2298	6,75
2299	6,75
2300	6,75
2301	6,75
2302	6,75
2303	6,75
2304	6,75
2305	6,75
2306	6,75
2307	6,75
2308	6,75
2309	6,75
2310	6,75
2311	6,75
2312	6,75
2313	6,75
2314	6,75
2315	6,75
2316	6,74
2317	6,74
2318	6,74
2319	6,74
2320	6,74
2321	6,74
2322	6,75
2323	6,75
2324	6,75
2325	6,75
2326	6,75
2327	6,74
2328	6,74
2329	6,74
2330	6,74
2331	6,74
2332	6,74
2333	6,75
2334	6,74
2335	6,74
2336	6,74
2337	6,74
2338	6,74
2339	6,74
2340	6,74
2341	6,74
2342	6,74
2343	6,74
2344	6,74
2345	6,74
2346	6,74
2347	6,74
2348	6,74
2349	6,74
2350	6,74
2351	6,74
2352	6,74
2353	6,74
2354	6,74
2355	6,74
2356	6,74
2357	6,74
2358	6,74
2359	6,74
2360	6,74
2361	6,74
2362	6,74
2363	6,74
2364	6,74
2365	6,74
2366	6,74
2367	6,74
2368	6,74
2369	6,74
2370	6,74
2371	6,74
2372	6,74
2373	6,74
2374	6,74
2375	6,74
2376	6,74
2377	6,74
2378	6,74
2379	6,74
2380	6,73
2381	6,73
2382	6,73
2383	6,73
2384	6,73
2385	6,73
2386	6,74
2387	6,73
2388	6,73
2389	6,73
2390	6,73
2391	6,73
2392	6,73
2393	6,73
2394	6,73
2395	6,73
2396	6,73
2397	6,73
2398	6,73
2399	6,73
2400	6,73
2401	6,73
2402	6,73
2403	6,73
2404	6,73
2405	6,73
2406	6,73
2407	6,73
2408	6,73
2409	6,73
2410	6,73
2411	6,73
2412	6,73
2413	6,73
2414	6,73
2415	6,73
2416	6,73
2417	6,73
2418	6,73
2419	6,73
2420	6,73
2421	6,73
2422	6,73
2423	6,73
2424	6,73
2425	6,73
2426	6,72
2427	6,71
2428	6,71
2429	6,71
2430	6,71
2431	6,71
2432	6,73
2433	6,72
2434	6,72
2435	6,73
2436	6,71
2437	6,71
2438	6,71
2439	6,71
2440	6,71
2441	6,71
2442	6,71
2443	6,71
2444	6,71
2445	6,71
2446	6,71
2447	6,71
2448	6,71
2449	6,71
2450	6,71
2451	6,71
2452	6,71
2453	6,71
2454	6,71
2455	6,71
2456	6,71
2457	6,71
2458	6,71
2459	6,71
2460	6,71
2461	6,71
2462	6,71
2463	6,71
2464	6,71
2465	6,71
2466	6,71
2467	6,71
2468	6,71
2469	6,71
2470	6,71
2471	6,71
2472	6,71
2473	6,71
2474	6,70
2475	6,70
2476	6,70
2477	6,70
2478	6,70
2479	6,70
2480	6,71
2481	6,71
2482	6,71
2483	6,70
2484	6,70
2485	6,70
2486	6,70
2487	6,70
2488	6,70
2489	6,70
2490	6,70
2491	6,70
2492	6,70
2493	6,70
2494	6,70
2495	6,70
2496	6,70
2497	6,70
2498	6,70
2499	6,70
2500	6,70
2501	6,70
2502	6,70
2503	6,70
2504	6,70
2505	6,70
2506	6,70
2507	6,70
2508	6,70
2509	6,70
2510	6,70
2511	6,70
2512	6,70
2513	6,70
2514	6,70
2515	6,70
2516	6,70
2517	6,70
2518	6,69
2519	6,68
2520	6,68
2521	6,68
2522	6,68
2523	6,68
2524	6,68
2525	6,69
2526	6,70
2527	6,70
2528	6,69
2529	6,68
2530	6,68
2531	6,68
2532	6,68
2533	6,68
2534	6,68
2535	6,68
2536	6,68
2537	6,68
2538	6,68
2539	6,68
2540	6,68
2541	6,68
2542	6,68
2543	6,68
2544	6,68
2545	6,68
2546	6,68
2547	6,68
2548	6,68
2549	6,68
2550	6,68
2551	6,68
2552	6,68
2553	6,68
2554	6,68
2555	6,68
2556	6,68
2557	6,68
2558	6,68
2559	6,68
2560	6,68
2561	6,68
2562	6,68
2563	6,68
2564	6,68
2565	6,67
2566	6,67
2567	6,67
2568	6,67
2569	6,67
2570	6,67
2571	6,67
2572	6,67
2573	6,67
2574	6,67
2575	6,67
2576	6,67
2577	6,67
2578	6,67
2579	6,67
2580	6,67
2581	6,67
2582	6,67
2583	6,67
2584	6,67
2585	6,67
2586	6,67
2587	6,67
2588	6,67
2589	6,67
2590	6,67
2591	6,67
2592	6,67
2593	6,67
2594	6,67
2595	6,67
2596	6,67
2597	6,67
2598	6,67
2599	6,67
2600	6,67
2601	6,67
2602	6,66
2603	6,67
2604	6,66
2605	6,65
2606	6,67
2607	6,67
2608	6,67
2609	6,67
2610	6,65
2611	6,65
2612	6,65
2613	6,65
2614	6,65
2615	6,66
2616	6,66
2617	6,65
2618	6,65
2619	6,65
2620	6,65
2621	6,65
2622	6,65
2623	6,65
2624	6,65
2625	6,65
2626	6,65
2627	6,65
2628	6,65
2629	6,65
2630	6,65
2631	6,65
2632	6,65
2633	6,65
2634	6,65
2635	6,65
2636	6,65
2637	6,65
2638	6,65
2639	6,65
2640	6,65
2641	6,65
2642	6,65
2643	6,64
2644	6,64
2645	6,64
2646	6,64
2647	6,64
2648	6,64
2649	6,64
2650	6,64
2651	6,64
2652	6,64
2653	6,64
2654	6,64
2655	6,64
2656	6,64
2657	6,64
2658	6,64
2659	6,64
2660	6,64
2661	6,64
2662	6,64
2663	6,64
2664	6,64
2665	6,64
2666	6,64
2667	6,64
2668	6,64
2669	6,64
2670	6,64
2671	6,64
2672	6,64
2673	6,64
2674	6,64
2675	6,64
2676	6,64
2677	6,64
2678	6,64
2679	6,62
2680	6,62
2681	6,62
2682	6,62
2683	6,63
2684	6,63
2685	6,62
2686	6,62
2687	6,62
2688	6,62
2689	6,62
2690	6,62
2691	6,62
2692	6,62
2693	6,62
2694	6,62
2695	6,62
2696	6,62
2697	6,62
2698	6,62
2699	6,62
2700	6,62
2701	6,62
2702	6,62
2703	6,62
2704	6,62
2705	6,62
2706	6,62
2707	6,62
2708	6,62
2709	6,62
2710	6,62
2711	6,62
2712	6,61
2713	6,61
2714	6,61
2715	6,61
2716	6,61
2717	6,61
2718	6,61
2719	6,61
2720	6,61
2721	6,61
2722	6,61
2723	6,61
2724	6,61
2725	6,61
2726	6,61
2727	6,61
2728	6,61
2729	6,61
2730	6,61
2731	6,61
2732	6,60
2733	6,61
2734	6,61
2735	6,59
2736	6,59
2737	6,61
2738	6,61
2739	6,61
2740	6,60
2741	6,60
2742	6,59
2743	6,59
2744	6,59
2745	6,59
2746	6,59
2747	6,59
2748	6,59
2749	6,59
2750	6,59
2751	6,59
2752	6,59
2753	6,59
2754	6,59
2755	6,59
2756	6,59
2757	6,59
2758	6,59
2759	6,59
2760	6,59
2761	6,59
2762	6,59
2763	6,59
2764	6,58
2765	6,58
2766	6,58
2767	6,58
2768	6,58
2769	6,58
2770	6,58
2771	6,58
2772	6,58
2773	6,58
2774	6,58
2775	6,58
2776	6,58
2777	6,58
2778	6,58
2779	6,58
2780	6,58
2781	6,58
2782	6,58
2783	6,58
2784	6,58
2785	6,58
2786	6,58
2787	6,57
2788	6,58
2789	6,57
2790	6,56
2791	6,58
2792	6,57
2793	6,58
2794	6,57
2795	6,56
2796	6,56
2797	6,56
2798	6,56
2799	6,56
2800	6,56
2801	6,56
2802	6,56
2803	6,56
2804	6,56
2805	6,56
2806	6,56
2807	6,56
2808	6,56
2809	6,56
2810	6,56
2811	6,56
2812	6,56
2813	6,56
2814	6,56
2815	6,56
2816	6,56
2817	6,56
2818	6,56
2819	6,55
2820	6,55
2821	6,55
2822	6,55
2823	6,55
2824	6,55
2825	6,55
2826	6,55
2827	6,55
2828	6,55
2829	6,55
2830	6,55
2831	6,55
2832	6,55
2833	6,55
2834	6,55
2835	6,55
2836	6,55
2837	6,55
2838	6,55
2839	6,55
2840	6,54
2841	6,55
2842	6,55
2843	6,55
2844	6,55
2845	6,54
2846	6,53
2847	6,54
2848	6,53
2849	6,53
2850	6,53
2851	6,53
2852	6,53
2853	6,53
2854	6,53
2855	6,53
2856	6,53
2857	6,53
2858	6,53
2859	6,53
2860	6,53
2861	6,53
2862	6,53
2863	6,53
2864	6,53
2865	6,53
2866	6,53
2867	6,53
2868	6,52
2869	6,52
2870	6,52
2871	6,52
2872	6,52
2873	6,52
2874	6,52
2875	6,52
2876	6,52
2877	6,52
2878	6,52
2879	6,52
2880	6,52
2881	6,52
2882	6,52
2883	6,52
2884	6,52
2885	6,52
2886	6,52
2887	6,52
2888	6,52
2889	6,52
2890	6,52
2891	6,52
2892	6,52
2893	6,51
2894	6,52
2895	6,52
2896	6,52
2897	6,52
2898	6,52
2899	6,52
2900	6,51
2901	6,51
2902	6,51
2903	6,51
2904	6,51
2905	6,51
2906	6,51
2907	6,51
2908	6,51
2909	6,51
2910	6,51
2911	6,51
2912	6,51
2913	6,51
2914	6,51
2915	6,51
2916	6,51
2917	6,51
2918	6,51
2919	6,51
2920	6,51
2921	6,51
2922	6,51
2923	6,51
2924	6,51
2925	6,51
2926	6,51
2927	6,51
2928	6,51
2929	6,51
2930	6,51
2931	6,51
2932	6,51
2933	6,51
2934	6,51
2935	6,50
2936	6,49
2937	6,49
2938	6,49
2939	6,49
2940	6,49
2941	6,51
2942	6,49
2943	6,49
2944	6,49
2945	6,49
2946	6,49
2947	6,49
2948	6,49
2949	6,49
2950	6,49
2951	6,49
2952	6,49
2953	6,49
2954	6,49
2955	6,49
2956	6,49
2957	6,49
2958	6,49
2959	6,49
2960	6,49
2961	6,49
2962	6,49
2963	6,49
2964	6,49
2965	6,49
2966	6,49
2967	6,49
2968	6,49
2969	6,49
2970	6,49
2971	6,49
2972	6,48
2973	6,49
2974	6,49
2975	6,49
2976	6,49
2977	6,49
2978	6,49
2979	6,49
2980	6,48
2981	6,48
2982	6,48
2983	6,48
2984	6,48
2985	6,48
2986	6,48
2987	6,48
2988	6,48
2989	6,48
2990	6,48
2991	6,48
2992	6,48
2993	6,48
2994	6,48
2995	6,48
2996	6,48
2997	6,48
2998	6,48
2999	6,48
3000	6,48
3001	6,48
3002	6,48
3003	6,48
3004	6,48
3005	6,48
3006	6,48
3007	6,48
3008	6,47
3009	6,46
3010	6,46
3011	6,46
3012	6,46
3013	6,46
3014	6,46
3015	6,46
3016	6,46
3017	6,46
3018	6,46
3019	6,46
3020	6,46
3021	6,46
3022	6,46
3023	6,46
3024	6,46
3025	6,46
3026	6,46
3027	6,46
3028	6,46
3029	6,46
3030	6,46
3031	6,46
3032	6,46
3033	6,46
3034	6,46
3035	6,46
3036	6,46
3037	6,46
3038	6,46
3039	6,46
3040	6,46
3041	6,45
3042	6,45
3043	6,45
3044	6,45
3045	6,45
3046	6,45
3047	6,45
3048	6,45
3049	6,45
3050	6,45
3051	6,45
3052	6,45
3053	6,45
3054	6,45
3055	6,45
3056	6,45
3057	6,45
3058	6,45
3059	6,45
3060	6,45
3061	6,45
3062	6,45
3063	6,45
3064	6,44
3065	6,45
3066	6,45
3067	6,44
3068	6,43
3069	6,43
3070	6,43
3071	6,43
3072	6,43
3073	6,43
3074	6,43
3075	6,43
3076	6,43
3077	6,43
3078	6,43
3079	6,43
3080	6,43
3081	6,43
3082	6,43
3083	6,43
3084	6,43
3085	6,43
3086	6,43
3087	6,43
3088	6,43
3089	6,43
3090	6,43
3091	6,43
3092	6,43
3093	6,43
3094	6,43
3095	6,43
3096	6,43
3097	6,43
3098	6,43
3099	6,43
3100	6,43
3101	6,43
3102	6,43
3103	6,43
3104	6,43
3105	6,43
3106	6,43
3107	6,43
3108	6,43
3109	6,43
3110	6,43
3111	6,43
3112	6,43
3113	6,43
3114	6,43
3115	6,43
3116	6,43
3117	6,43
3118	6,43
3119	6,43
3120	6,43
3121	6,43
3122	6,44
3123	6,45
3124	6,45
3125	6,45
3126	6,45
3127	6,45
3128	6,45
3129	6,45
3130	6,43
3131	6,45
3132	6,45
3133	6,45
3134	6,45
3135	6,45
3136	6,45
3137	6,45
3138	6,45
3139	6,45
3140	6,45
3141	6,45
3142	6,45
3143	6,45
3144	6,45
3145	6,45
3146	6,45
3147	6,45
3148	6,45
3149	6,46
3150	6,46
3151	6,46
3152	6,46
3153	6,46
3154	6,46
3155	6,46
3156	6,46
3157	6,46
3158	6,46
3159	6,46
3160	6,47
3161	6,48
3162	6,48
3163	6,46
3164	6,46
3165	6,46
3166	6,48
3167	6,48
3168	6,48
3169	6,48
3170	6,48
3171	6,48
3172	6,48
3173	6,48
3174	6,48
3175	6,48
3176	6,48
3177	6,48
3178	6,49
3179	6,49
3180	6,49
3181	6,49
3182	6,49
3183	6,49
3184	6,49
3185	6,49
3186	6,51
3187	6,51
3188	6,51
3189	6,51
3190	6,51
3191	6,51
3192	6,51
3193	6,51
3194	6,51
3195	6,51
3196	6,51
3197	6,52
3198	6,52
3199	6,52
3200	6,52
3201	6,52
3202	6,52
3203	6,52
3204	6,52
3205	6,52
3206	6,52
3207	6,52
3208	6,52
3209	6,53
3210	6,53
3211	6,53
3212	6,53
3213	6,53
3214	6,54
3215	6,53
3216	6,53
3217	6,53
3218	6,55
3219	6,55
3220	6,55
3221	6,55
3222	6,56
3223	6,56
3224	6,56
3225	6,56
3226	6,56
3227	6,56
3228	6,56
3229	6,56
3230	6,56
3231	6,58
3232	6,58
3233	6,58
3234	6,58
3235	6,58
3236	6,59
3237	6,59
3238	6,58
3239	6,59
3240	6,59
3241	6,59
3242	6,59
3243	6,59
3244	6,59
3245	6,61
3246	6,61
3247	6,61
3248	6,62
3249	6,62
3250	6,62
3251	6,62
3252	6,62
3253	6,62
3254	6,64
3255	6,64
3256	6,64
3257	6,64
3258	6,64
3259	6,64
3260	6,65
3261	6,65
3262	6,67
3263	6,67
3264	6,67
3265	6,67
3266	6,67
3267	6,67
3268	6,68
3269	6,68
3270	6,68
3271	6,68
3272	6,70
3273	6,70
3274	6,71
3275	6,71
3276	6,71
3277	6,73
3278	6,73
3279	6,73
3280	6,73
3281	6,74
3282	6,74
3283	6,75
3284	6,75
3285	6,77
3286	6,77
3287	6,78
3288	6,78
3289	6,78
3290	6,80
3291	6,80
3292	6,81
3293	6,83
3294	6,84
3295	6,84
3296	6,86
3297	6,87
3298	6,88
3299	6,89
3300	6,90
3301	6,92
3302	6,94
3303	6,95
3304	6,97
3305	6,99
3306	7,00
3307	7,02
3308	7,03
3309	7,05
3310	7,08
3311	7,09
3312	7,11
3313	7,14
3314	7,15
3315	7,18
3316	7,19
